filename,target
./traindata/61_00000.png,a
./traindata/61_00001.png,a
./traindata/61_00002.png,a
./traindata/61_00003.png,a
./traindata/61_00004.png,a
./traindata/61_00005.png,a
./traindata/61_00006.png,a
./traindata/61_00007.png,a
./traindata/61_00008.png,a
./traindata/61_00009.png,a
./traindata/61_00010.png,a
./traindata/61_00011.png,a
./traindata/61_00012.png,a
./traindata/61_00013.png,a
./traindata/61_00014.png,a
./traindata/61_00015.png,a
./traindata/61_00016.png,a
./traindata/61_00017.png,a
./traindata/61_00018.png,a
./traindata/61_00019.png,a
./traindata/61_00020.png,a
./traindata/61_00021.png,a
./traindata/61_00022.png,a
./traindata/61_00023.png,a
./traindata/61_00024.png,a
./traindata/61_00025.png,a
./traindata/61_00026.png,a
./traindata/61_00027.png,a
./traindata/61_00028.png,a
./traindata/61_00029.png,a
./traindata/61_00030.png,a
./traindata/61_00031.png,a
./traindata/61_00032.png,a
./traindata/61_00033.png,a
./traindata/61_00034.png,a
./traindata/61_00035.png,a
./traindata/61_00036.png,a
./traindata/61_00037.png,a
./traindata/61_00038.png,a
./traindata/61_00039.png,a
./traindata/61_00040.png,a
./traindata/61_00041.png,a
./traindata/61_00042.png,a
./traindata/61_00043.png,a
./traindata/61_00044.png,a
./traindata/61_00045.png,a
./traindata/61_00046.png,a
./traindata/61_00047.png,a
./traindata/61_00048.png,a
./traindata/61_00049.png,a
./traindata/61_00050.png,a
./traindata/61_00051.png,a
./traindata/61_00052.png,a
./traindata/61_00053.png,a
./traindata/61_00054.png,a
./traindata/61_00055.png,a
./traindata/61_00056.png,a
./traindata/61_00057.png,a
./traindata/61_00058.png,a
./traindata/61_00059.png,a
./traindata/61_00060.png,a
./traindata/61_00061.png,a
./traindata/61_00062.png,a
./traindata/61_00063.png,a
./traindata/61_00064.png,a
./traindata/61_00065.png,a
./traindata/61_00066.png,a
./traindata/61_00067.png,a
./traindata/61_00068.png,a
./traindata/61_00069.png,a
./traindata/61_00070.png,a
./traindata/61_00071.png,a
./traindata/61_00072.png,a
./traindata/61_00073.png,a
./traindata/61_00074.png,a
./traindata/61_00075.png,a
./traindata/61_00076.png,a
./traindata/61_00077.png,a
./traindata/61_00078.png,a
./traindata/61_00079.png,a
./traindata/61_00080.png,a
./traindata/61_00081.png,a
./traindata/61_00082.png,a
./traindata/61_00083.png,a
./traindata/61_00084.png,a
./traindata/61_00085.png,a
./traindata/61_00086.png,a
./traindata/61_00087.png,a
./traindata/61_00088.png,a
./traindata/61_00089.png,a
./traindata/61_00090.png,a
./traindata/61_00091.png,a
./traindata/61_00092.png,a
./traindata/61_00093.png,a
./traindata/61_00094.png,a
./traindata/61_00095.png,a
./traindata/61_00096.png,a
./traindata/61_00097.png,a
./traindata/61_00098.png,a
./traindata/61_00099.png,a
./traindata/61_00100.png,a
./traindata/61_00101.png,a
./traindata/61_00102.png,a
./traindata/61_00103.png,a
./traindata/61_00104.png,a
./traindata/61_00105.png,a
./traindata/61_00106.png,a
./traindata/61_00107.png,a
./traindata/61_00108.png,a
./traindata/61_00109.png,a
./traindata/61_00110.png,a
./traindata/61_00111.png,a
./traindata/61_00112.png,a
./traindata/61_00113.png,a
./traindata/61_00114.png,a
./traindata/61_00115.png,a
./traindata/61_00116.png,a
./traindata/61_00117.png,a
./traindata/61_00118.png,a
./traindata/61_00119.png,a
./traindata/61_00120.png,a
./traindata/61_00121.png,a
./traindata/61_00122.png,a
./traindata/61_00123.png,a
./traindata/61_00124.png,a
./traindata/61_00125.png,a
./traindata/61_00126.png,a
./traindata/61_00127.png,a
./traindata/61_00128.png,a
./traindata/61_00129.png,a
./traindata/61_00130.png,a
./traindata/61_00131.png,a
./traindata/61_00132.png,a
./traindata/61_00133.png,a
./traindata/61_00134.png,a
./traindata/61_00135.png,a
./traindata/61_00136.png,a
./traindata/61_00137.png,a
./traindata/61_00138.png,a
./traindata/61_00139.png,a
./traindata/61_00140.png,a
./traindata/61_00141.png,a
./traindata/61_00142.png,a
./traindata/61_00143.png,a
./traindata/61_00144.png,a
./traindata/61_00145.png,a
./traindata/61_00146.png,a
./traindata/61_00147.png,a
./traindata/61_00148.png,a
./traindata/61_00149.png,a
./traindata/61_00150.png,a
./traindata/61_00151.png,a
./traindata/61_00152.png,a
./traindata/61_00153.png,a
./traindata/61_00154.png,a
./traindata/61_00155.png,a
./traindata/61_00156.png,a
./traindata/61_00157.png,a
./traindata/61_00158.png,a
./traindata/61_00159.png,a
./traindata/61_00160.png,a
./traindata/61_00161.png,a
./traindata/61_00162.png,a
./traindata/61_00163.png,a
./traindata/61_00164.png,a
./traindata/61_00165.png,a
./traindata/61_00166.png,a
./traindata/61_00167.png,a
./traindata/61_00168.png,a
./traindata/61_00169.png,a
./traindata/61_00170.png,a
./traindata/61_00171.png,a
./traindata/61_00172.png,a
./traindata/61_00173.png,a
./traindata/61_00174.png,a
./traindata/61_00175.png,a
./traindata/61_00176.png,a
./traindata/61_00177.png,a
./traindata/61_00178.png,a
./traindata/61_00179.png,a
./traindata/61_00180.png,a
./traindata/61_00181.png,a
./traindata/61_00182.png,a
./traindata/61_00183.png,a
./traindata/61_00184.png,a
./traindata/61_00185.png,a
./traindata/61_00186.png,a
./traindata/61_00187.png,a
./traindata/61_00188.png,a
./traindata/61_00189.png,a
./traindata/61_00190.png,a
./traindata/61_00191.png,a
./traindata/61_00192.png,a
./traindata/61_00193.png,a
./traindata/61_00194.png,a
./traindata/61_00195.png,a
./traindata/61_00196.png,a
./traindata/61_00197.png,a
./traindata/61_00198.png,a
./traindata/61_00199.png,a
./traindata/61_00200.png,a
./traindata/61_00201.png,a
./traindata/61_00202.png,a
./traindata/61_00203.png,a
./traindata/61_00204.png,a
./traindata/61_00205.png,a
./traindata/61_00206.png,a
./traindata/61_00207.png,a
./traindata/61_00208.png,a
./traindata/61_00209.png,a
./traindata/61_00210.png,a
./traindata/61_00211.png,a
./traindata/61_00212.png,a
./traindata/61_00213.png,a
./traindata/61_00214.png,a
./traindata/61_00215.png,a
./traindata/61_00216.png,a
./traindata/61_00217.png,a
./traindata/61_00218.png,a
./traindata/61_00219.png,a
./traindata/61_00220.png,a
./traindata/61_00221.png,a
./traindata/61_00222.png,a
./traindata/61_00223.png,a
./traindata/61_00224.png,a
./traindata/61_00225.png,a
./traindata/61_00226.png,a
./traindata/61_00227.png,a
./traindata/61_00228.png,a
./traindata/61_00229.png,a
./traindata/61_00230.png,a
./traindata/61_00231.png,a
./traindata/61_00232.png,a
./traindata/61_00233.png,a
./traindata/61_00234.png,a
./traindata/61_00235.png,a
./traindata/61_00236.png,a
./traindata/61_00237.png,a
./traindata/61_00238.png,a
./traindata/61_00239.png,a
./traindata/61_00240.png,a
./traindata/61_00241.png,a
./traindata/61_00242.png,a
./traindata/61_00243.png,a
./traindata/61_00244.png,a
./traindata/61_00245.png,a
./traindata/61_00246.png,a
./traindata/61_00247.png,a
./traindata/61_00248.png,a
./traindata/61_00249.png,a
./traindata/61_00250.png,a
./traindata/61_00251.png,a
./traindata/61_00252.png,a
./traindata/61_00253.png,a
./traindata/61_00254.png,a
./traindata/61_00255.png,a
./traindata/61_00256.png,a
./traindata/61_00257.png,a
./traindata/61_00258.png,a
./traindata/61_00259.png,a
./traindata/61_00260.png,a
./traindata/61_00261.png,a
./traindata/61_00262.png,a
./traindata/61_00263.png,a
./traindata/61_00264.png,a
./traindata/61_00265.png,a
./traindata/61_00266.png,a
./traindata/61_00267.png,a
./traindata/61_00268.png,a
./traindata/61_00269.png,a
./traindata/61_00270.png,a
./traindata/61_00271.png,a
./traindata/61_00272.png,a
./traindata/61_00273.png,a
./traindata/61_00274.png,a
./traindata/61_00275.png,a
./traindata/61_00276.png,a
./traindata/61_00277.png,a
./traindata/61_00278.png,a
./traindata/61_00279.png,a
./traindata/61_00280.png,a
./traindata/61_00281.png,a
./traindata/61_00282.png,a
./traindata/61_00283.png,a
./traindata/61_00284.png,a
./traindata/61_00285.png,a
./traindata/61_00286.png,a
./traindata/61_00287.png,a
./traindata/61_00288.png,a
./traindata/61_00289.png,a
./traindata/61_00290.png,a
./traindata/61_00291.png,a
./traindata/61_00292.png,a
./traindata/61_00293.png,a
./traindata/61_00294.png,a
./traindata/61_00295.png,a
./traindata/61_00296.png,a
./traindata/61_00297.png,a
./traindata/61_00298.png,a
./traindata/61_00299.png,a
./traindata/61_00300.png,a
./traindata/62_00000.png,b
./traindata/62_00001.png,b
./traindata/62_00002.png,b
./traindata/62_00003.png,b
./traindata/62_00004.png,b
./traindata/62_00005.png,b
./traindata/62_00006.png,b
./traindata/62_00007.png,b
./traindata/62_00008.png,b
./traindata/62_00009.png,b
./traindata/62_00010.png,b
./traindata/62_00011.png,b
./traindata/62_00012.png,b
./traindata/62_00013.png,b
./traindata/62_00014.png,b
./traindata/62_00015.png,b
./traindata/62_00016.png,b
./traindata/62_00017.png,b
./traindata/62_00018.png,b
./traindata/62_00019.png,b
./traindata/62_00020.png,b
./traindata/62_00021.png,b
./traindata/62_00022.png,b
./traindata/62_00023.png,b
./traindata/62_00024.png,b
./traindata/62_00025.png,b
./traindata/62_00026.png,b
./traindata/62_00027.png,b
./traindata/62_00028.png,b
./traindata/62_00029.png,b
./traindata/62_00030.png,b
./traindata/62_00031.png,b
./traindata/62_00032.png,b
./traindata/62_00033.png,b
./traindata/62_00034.png,b
./traindata/62_00035.png,b
./traindata/62_00036.png,b
./traindata/62_00037.png,b
./traindata/62_00038.png,b
./traindata/62_00039.png,b
./traindata/62_00040.png,b
./traindata/62_00041.png,b
./traindata/62_00042.png,b
./traindata/62_00043.png,b
./traindata/62_00044.png,b
./traindata/62_00045.png,b
./traindata/62_00046.png,b
./traindata/62_00047.png,b
./traindata/62_00048.png,b
./traindata/62_00049.png,b
./traindata/62_00050.png,b
./traindata/62_00051.png,b
./traindata/62_00052.png,b
./traindata/62_00053.png,b
./traindata/62_00054.png,b
./traindata/62_00055.png,b
./traindata/62_00056.png,b
./traindata/62_00057.png,b
./traindata/62_00058.png,b
./traindata/62_00059.png,b
./traindata/62_00060.png,b
./traindata/62_00061.png,b
./traindata/62_00062.png,b
./traindata/62_00063.png,b
./traindata/62_00064.png,b
./traindata/62_00065.png,b
./traindata/62_00066.png,b
./traindata/62_00067.png,b
./traindata/62_00068.png,b
./traindata/62_00069.png,b
./traindata/62_00070.png,b
./traindata/62_00071.png,b
./traindata/62_00072.png,b
./traindata/62_00073.png,b
./traindata/62_00074.png,b
./traindata/62_00075.png,b
./traindata/62_00076.png,b
./traindata/62_00077.png,b
./traindata/62_00078.png,b
./traindata/62_00079.png,b
./traindata/62_00080.png,b
./traindata/62_00081.png,b
./traindata/62_00082.png,b
./traindata/62_00083.png,b
./traindata/62_00084.png,b
./traindata/62_00085.png,b
./traindata/62_00086.png,b
./traindata/62_00087.png,b
./traindata/62_00088.png,b
./traindata/62_00089.png,b
./traindata/62_00090.png,b
./traindata/62_00091.png,b
./traindata/62_00092.png,b
./traindata/62_00093.png,b
./traindata/62_00094.png,b
./traindata/62_00095.png,b
./traindata/62_00096.png,b
./traindata/62_00097.png,b
./traindata/62_00098.png,b
./traindata/62_00099.png,b
./traindata/62_00100.png,b
./traindata/62_00101.png,b
./traindata/62_00102.png,b
./traindata/62_00103.png,b
./traindata/62_00104.png,b
./traindata/62_00105.png,b
./traindata/62_00106.png,b
./traindata/62_00107.png,b
./traindata/62_00108.png,b
./traindata/62_00109.png,b
./traindata/62_00110.png,b
./traindata/62_00111.png,b
./traindata/62_00112.png,b
./traindata/62_00113.png,b
./traindata/62_00114.png,b
./traindata/62_00115.png,b
./traindata/62_00116.png,b
./traindata/62_00117.png,b
./traindata/62_00118.png,b
./traindata/62_00119.png,b
./traindata/62_00120.png,b
./traindata/62_00121.png,b
./traindata/62_00122.png,b
./traindata/62_00123.png,b
./traindata/62_00124.png,b
./traindata/62_00125.png,b
./traindata/62_00126.png,b
./traindata/62_00127.png,b
./traindata/62_00128.png,b
./traindata/62_00129.png,b
./traindata/62_00130.png,b
./traindata/62_00131.png,b
./traindata/62_00132.png,b
./traindata/62_00133.png,b
./traindata/62_00134.png,b
./traindata/62_00135.png,b
./traindata/62_00136.png,b
./traindata/62_00137.png,b
./traindata/62_00138.png,b
./traindata/62_00139.png,b
./traindata/62_00140.png,b
./traindata/62_00141.png,b
./traindata/62_00142.png,b
./traindata/62_00143.png,b
./traindata/62_00144.png,b
./traindata/62_00145.png,b
./traindata/62_00146.png,b
./traindata/62_00147.png,b
./traindata/62_00148.png,b
./traindata/62_00149.png,b
./traindata/62_00150.png,b
./traindata/62_00151.png,b
./traindata/62_00152.png,b
./traindata/62_00153.png,b
./traindata/62_00154.png,b
./traindata/62_00155.png,b
./traindata/62_00156.png,b
./traindata/62_00157.png,b
./traindata/62_00158.png,b
./traindata/62_00159.png,b
./traindata/62_00160.png,b
./traindata/62_00161.png,b
./traindata/62_00162.png,b
./traindata/62_00163.png,b
./traindata/62_00164.png,b
./traindata/62_00165.png,b
./traindata/62_00166.png,b
./traindata/62_00167.png,b
./traindata/62_00168.png,b
./traindata/62_00169.png,b
./traindata/62_00170.png,b
./traindata/62_00171.png,b
./traindata/62_00172.png,b
./traindata/62_00173.png,b
./traindata/62_00174.png,b
./traindata/62_00175.png,b
./traindata/62_00176.png,b
./traindata/62_00177.png,b
./traindata/62_00178.png,b
./traindata/62_00179.png,b
./traindata/62_00180.png,b
./traindata/62_00181.png,b
./traindata/62_00182.png,b
./traindata/62_00183.png,b
./traindata/62_00184.png,b
./traindata/62_00185.png,b
./traindata/62_00186.png,b
./traindata/62_00187.png,b
./traindata/62_00188.png,b
./traindata/62_00189.png,b
./traindata/62_00190.png,b
./traindata/62_00191.png,b
./traindata/62_00192.png,b
./traindata/62_00193.png,b
./traindata/62_00194.png,b
./traindata/62_00195.png,b
./traindata/62_00196.png,b
./traindata/62_00197.png,b
./traindata/62_00198.png,b
./traindata/62_00199.png,b
./traindata/62_00200.png,b
./traindata/62_00201.png,b
./traindata/62_00202.png,b
./traindata/62_00203.png,b
./traindata/62_00204.png,b
./traindata/62_00205.png,b
./traindata/62_00206.png,b
./traindata/62_00207.png,b
./traindata/62_00208.png,b
./traindata/62_00209.png,b
./traindata/62_00210.png,b
./traindata/62_00211.png,b
./traindata/62_00212.png,b
./traindata/62_00213.png,b
./traindata/62_00214.png,b
./traindata/62_00215.png,b
./traindata/62_00216.png,b
./traindata/62_00217.png,b
./traindata/62_00218.png,b
./traindata/62_00219.png,b
./traindata/62_00220.png,b
./traindata/62_00221.png,b
./traindata/62_00222.png,b
./traindata/62_00223.png,b
./traindata/62_00224.png,b
./traindata/62_00225.png,b
./traindata/62_00226.png,b
./traindata/62_00227.png,b
./traindata/62_00228.png,b
./traindata/62_00229.png,b
./traindata/62_00230.png,b
./traindata/62_00231.png,b
./traindata/62_00232.png,b
./traindata/62_00233.png,b
./traindata/62_00234.png,b
./traindata/62_00235.png,b
./traindata/62_00236.png,b
./traindata/62_00237.png,b
./traindata/62_00238.png,b
./traindata/62_00239.png,b
./traindata/62_00240.png,b
./traindata/62_00241.png,b
./traindata/62_00242.png,b
./traindata/62_00243.png,b
./traindata/62_00244.png,b
./traindata/62_00245.png,b
./traindata/62_00246.png,b
./traindata/62_00247.png,b
./traindata/62_00248.png,b
./traindata/62_00249.png,b
./traindata/62_00250.png,b
./traindata/62_00251.png,b
./traindata/62_00252.png,b
./traindata/62_00253.png,b
./traindata/62_00254.png,b
./traindata/62_00255.png,b
./traindata/62_00256.png,b
./traindata/62_00257.png,b
./traindata/62_00258.png,b
./traindata/62_00259.png,b
./traindata/62_00260.png,b
./traindata/62_00261.png,b
./traindata/62_00262.png,b
./traindata/62_00263.png,b
./traindata/62_00264.png,b
./traindata/62_00265.png,b
./traindata/62_00266.png,b
./traindata/62_00267.png,b
./traindata/62_00268.png,b
./traindata/62_00269.png,b
./traindata/62_00270.png,b
./traindata/62_00271.png,b
./traindata/62_00272.png,b
./traindata/62_00273.png,b
./traindata/62_00274.png,b
./traindata/62_00275.png,b
./traindata/62_00276.png,b
./traindata/62_00277.png,b
./traindata/62_00278.png,b
./traindata/62_00279.png,b
./traindata/62_00280.png,b
./traindata/62_00281.png,b
./traindata/62_00282.png,b
./traindata/62_00283.png,b
./traindata/62_00284.png,b
./traindata/62_00285.png,b
./traindata/62_00286.png,b
./traindata/62_00287.png,b
./traindata/62_00288.png,b
./traindata/62_00289.png,b
./traindata/62_00290.png,b
./traindata/62_00291.png,b
./traindata/62_00292.png,b
./traindata/62_00293.png,b
./traindata/62_00294.png,b
./traindata/62_00295.png,b
./traindata/62_00296.png,b
./traindata/62_00297.png,b
./traindata/62_00298.png,b
./traindata/62_00299.png,b
./traindata/62_00300.png,b
./traindata/63_00000.png,c
./traindata/63_00001.png,c
./traindata/63_00002.png,c
./traindata/63_00003.png,c
./traindata/63_00004.png,c
./traindata/63_00005.png,c
./traindata/63_00006.png,c
./traindata/63_00007.png,c
./traindata/63_00008.png,c
./traindata/63_00009.png,c
./traindata/63_00010.png,c
./traindata/63_00011.png,c
./traindata/63_00012.png,c
./traindata/63_00013.png,c
./traindata/63_00014.png,c
./traindata/63_00015.png,c
./traindata/63_00016.png,c
./traindata/63_00017.png,c
./traindata/63_00018.png,c
./traindata/63_00019.png,c
./traindata/63_00020.png,c
./traindata/63_00021.png,c
./traindata/63_00022.png,c
./traindata/63_00023.png,c
./traindata/63_00024.png,c
./traindata/63_00025.png,c
./traindata/63_00026.png,c
./traindata/63_00027.png,c
./traindata/63_00028.png,c
./traindata/63_00029.png,c
./traindata/63_00030.png,c
./traindata/63_00031.png,c
./traindata/63_00032.png,c
./traindata/63_00033.png,c
./traindata/63_00034.png,c
./traindata/63_00035.png,c
./traindata/63_00036.png,c
./traindata/63_00037.png,c
./traindata/63_00038.png,c
./traindata/63_00039.png,c
./traindata/63_00040.png,c
./traindata/63_00041.png,c
./traindata/63_00042.png,c
./traindata/63_00043.png,c
./traindata/63_00044.png,c
./traindata/63_00045.png,c
./traindata/63_00046.png,c
./traindata/63_00047.png,c
./traindata/63_00048.png,c
./traindata/63_00049.png,c
./traindata/63_00050.png,c
./traindata/63_00051.png,c
./traindata/63_00052.png,c
./traindata/63_00053.png,c
./traindata/63_00054.png,c
./traindata/63_00055.png,c
./traindata/63_00056.png,c
./traindata/63_00057.png,c
./traindata/63_00058.png,c
./traindata/63_00059.png,c
./traindata/63_00060.png,c
./traindata/63_00061.png,c
./traindata/63_00062.png,c
./traindata/63_00063.png,c
./traindata/63_00064.png,c
./traindata/63_00065.png,c
./traindata/63_00066.png,c
./traindata/63_00067.png,c
./traindata/63_00068.png,c
./traindata/63_00069.png,c
./traindata/63_00070.png,c
./traindata/63_00071.png,c
./traindata/63_00072.png,c
./traindata/63_00073.png,c
./traindata/63_00074.png,c
./traindata/63_00075.png,c
./traindata/63_00076.png,c
./traindata/63_00077.png,c
./traindata/63_00078.png,c
./traindata/63_00079.png,c
./traindata/63_00080.png,c
./traindata/63_00081.png,c
./traindata/63_00082.png,c
./traindata/63_00083.png,c
./traindata/63_00084.png,c
./traindata/63_00085.png,c
./traindata/63_00086.png,c
./traindata/63_00087.png,c
./traindata/63_00088.png,c
./traindata/63_00089.png,c
./traindata/63_00090.png,c
./traindata/63_00091.png,c
./traindata/63_00092.png,c
./traindata/63_00093.png,c
./traindata/63_00094.png,c
./traindata/63_00095.png,c
./traindata/63_00096.png,c
./traindata/63_00097.png,c
./traindata/63_00098.png,c
./traindata/63_00099.png,c
./traindata/63_00100.png,c
./traindata/63_00101.png,c
./traindata/63_00102.png,c
./traindata/63_00103.png,c
./traindata/63_00104.png,c
./traindata/63_00105.png,c
./traindata/63_00106.png,c
./traindata/63_00107.png,c
./traindata/63_00108.png,c
./traindata/63_00109.png,c
./traindata/63_00110.png,c
./traindata/63_00111.png,c
./traindata/63_00112.png,c
./traindata/63_00113.png,c
./traindata/63_00114.png,c
./traindata/63_00115.png,c
./traindata/63_00116.png,c
./traindata/63_00117.png,c
./traindata/63_00118.png,c
./traindata/63_00119.png,c
./traindata/63_00120.png,c
./traindata/63_00121.png,c
./traindata/63_00122.png,c
./traindata/63_00123.png,c
./traindata/63_00124.png,c
./traindata/63_00125.png,c
./traindata/63_00126.png,c
./traindata/63_00127.png,c
./traindata/63_00128.png,c
./traindata/63_00129.png,c
./traindata/63_00130.png,c
./traindata/63_00131.png,c
./traindata/63_00132.png,c
./traindata/63_00133.png,c
./traindata/63_00134.png,c
./traindata/63_00135.png,c
./traindata/63_00136.png,c
./traindata/63_00137.png,c
./traindata/63_00138.png,c
./traindata/63_00139.png,c
./traindata/63_00140.png,c
./traindata/63_00141.png,c
./traindata/63_00142.png,c
./traindata/63_00143.png,c
./traindata/63_00144.png,c
./traindata/63_00145.png,c
./traindata/63_00146.png,c
./traindata/63_00147.png,c
./traindata/63_00148.png,c
./traindata/63_00149.png,c
./traindata/63_00150.png,c
./traindata/63_00151.png,c
./traindata/63_00152.png,c
./traindata/63_00153.png,c
./traindata/63_00154.png,c
./traindata/63_00155.png,c
./traindata/63_00156.png,c
./traindata/63_00157.png,c
./traindata/63_00158.png,c
./traindata/63_00159.png,c
./traindata/63_00160.png,c
./traindata/63_00161.png,c
./traindata/63_00162.png,c
./traindata/63_00163.png,c
./traindata/63_00164.png,c
./traindata/63_00165.png,c
./traindata/63_00166.png,c
./traindata/63_00167.png,c
./traindata/63_00168.png,c
./traindata/63_00169.png,c
./traindata/63_00170.png,c
./traindata/63_00171.png,c
./traindata/63_00172.png,c
./traindata/63_00173.png,c
./traindata/63_00174.png,c
./traindata/63_00175.png,c
./traindata/63_00176.png,c
./traindata/63_00177.png,c
./traindata/63_00178.png,c
./traindata/63_00179.png,c
./traindata/63_00180.png,c
./traindata/63_00181.png,c
./traindata/63_00182.png,c
./traindata/63_00183.png,c
./traindata/63_00184.png,c
./traindata/63_00185.png,c
./traindata/63_00186.png,c
./traindata/63_00187.png,c
./traindata/63_00188.png,c
./traindata/63_00189.png,c
./traindata/63_00190.png,c
./traindata/63_00191.png,c
./traindata/63_00192.png,c
./traindata/63_00193.png,c
./traindata/63_00194.png,c
./traindata/63_00195.png,c
./traindata/63_00196.png,c
./traindata/63_00197.png,c
./traindata/63_00198.png,c
./traindata/63_00199.png,c
./traindata/63_00200.png,c
./traindata/63_00201.png,c
./traindata/63_00202.png,c
./traindata/63_00203.png,c
./traindata/63_00204.png,c
./traindata/63_00205.png,c
./traindata/63_00206.png,c
./traindata/63_00207.png,c
./traindata/63_00208.png,c
./traindata/63_00209.png,c
./traindata/63_00210.png,c
./traindata/63_00211.png,c
./traindata/63_00212.png,c
./traindata/63_00213.png,c
./traindata/63_00214.png,c
./traindata/63_00215.png,c
./traindata/63_00216.png,c
./traindata/63_00217.png,c
./traindata/63_00218.png,c
./traindata/63_00219.png,c
./traindata/63_00220.png,c
./traindata/63_00221.png,c
./traindata/63_00222.png,c
./traindata/63_00223.png,c
./traindata/63_00224.png,c
./traindata/63_00225.png,c
./traindata/63_00226.png,c
./traindata/63_00227.png,c
./traindata/63_00228.png,c
./traindata/63_00229.png,c
./traindata/63_00230.png,c
./traindata/63_00231.png,c
./traindata/63_00232.png,c
./traindata/63_00233.png,c
./traindata/63_00234.png,c
./traindata/63_00235.png,c
./traindata/63_00236.png,c
./traindata/63_00237.png,c
./traindata/63_00238.png,c
./traindata/63_00239.png,c
./traindata/63_00240.png,c
./traindata/63_00241.png,c
./traindata/63_00242.png,c
./traindata/63_00243.png,c
./traindata/63_00244.png,c
./traindata/63_00245.png,c
./traindata/63_00246.png,c
./traindata/63_00247.png,c
./traindata/63_00248.png,c
./traindata/63_00249.png,c
./traindata/63_00250.png,c
./traindata/63_00251.png,c
./traindata/63_00252.png,c
./traindata/63_00253.png,c
./traindata/63_00254.png,c
./traindata/63_00255.png,c
./traindata/63_00256.png,c
./traindata/63_00257.png,c
./traindata/63_00258.png,c
./traindata/63_00259.png,c
./traindata/63_00260.png,c
./traindata/63_00261.png,c
./traindata/63_00262.png,c
./traindata/63_00263.png,c
./traindata/63_00264.png,c
./traindata/63_00265.png,c
./traindata/63_00266.png,c
./traindata/63_00267.png,c
./traindata/63_00268.png,c
./traindata/63_00269.png,c
./traindata/63_00270.png,c
./traindata/63_00271.png,c
./traindata/63_00272.png,c
./traindata/63_00273.png,c
./traindata/63_00274.png,c
./traindata/63_00275.png,c
./traindata/63_00276.png,c
./traindata/63_00277.png,c
./traindata/63_00278.png,c
./traindata/63_00279.png,c
./traindata/63_00280.png,c
./traindata/63_00281.png,c
./traindata/63_00282.png,c
./traindata/63_00283.png,c
./traindata/63_00284.png,c
./traindata/63_00285.png,c
./traindata/63_00286.png,c
./traindata/63_00287.png,c
./traindata/63_00288.png,c
./traindata/63_00289.png,c
./traindata/63_00290.png,c
./traindata/63_00291.png,c
./traindata/63_00292.png,c
./traindata/63_00293.png,c
./traindata/63_00294.png,c
./traindata/63_00295.png,c
./traindata/63_00296.png,c
./traindata/63_00297.png,c
./traindata/63_00298.png,c
./traindata/63_00299.png,c
./traindata/63_00300.png,c
./traindata/64_00000.png,d
./traindata/64_00001.png,d
./traindata/64_00002.png,d
./traindata/64_00003.png,d
./traindata/64_00004.png,d
./traindata/64_00005.png,d
./traindata/64_00006.png,d
./traindata/64_00007.png,d
./traindata/64_00008.png,d
./traindata/64_00009.png,d
./traindata/64_00010.png,d
./traindata/64_00011.png,d
./traindata/64_00012.png,d
./traindata/64_00013.png,d
./traindata/64_00014.png,d
./traindata/64_00015.png,d
./traindata/64_00016.png,d
./traindata/64_00017.png,d
./traindata/64_00018.png,d
./traindata/64_00019.png,d
./traindata/64_00020.png,d
./traindata/64_00021.png,d
./traindata/64_00022.png,d
./traindata/64_00023.png,d
./traindata/64_00024.png,d
./traindata/64_00025.png,d
./traindata/64_00026.png,d
./traindata/64_00027.png,d
./traindata/64_00028.png,d
./traindata/64_00029.png,d
./traindata/64_00030.png,d
./traindata/64_00031.png,d
./traindata/64_00032.png,d
./traindata/64_00033.png,d
./traindata/64_00034.png,d
./traindata/64_00035.png,d
./traindata/64_00036.png,d
./traindata/64_00037.png,d
./traindata/64_00038.png,d
./traindata/64_00039.png,d
./traindata/64_00040.png,d
./traindata/64_00041.png,d
./traindata/64_00042.png,d
./traindata/64_00043.png,d
./traindata/64_00044.png,d
./traindata/64_00045.png,d
./traindata/64_00046.png,d
./traindata/64_00047.png,d
./traindata/64_00048.png,d
./traindata/64_00049.png,d
./traindata/64_00050.png,d
./traindata/64_00051.png,d
./traindata/64_00052.png,d
./traindata/64_00053.png,d
./traindata/64_00054.png,d
./traindata/64_00055.png,d
./traindata/64_00056.png,d
./traindata/64_00057.png,d
./traindata/64_00058.png,d
./traindata/64_00059.png,d
./traindata/64_00060.png,d
./traindata/64_00061.png,d
./traindata/64_00062.png,d
./traindata/64_00063.png,d
./traindata/64_00064.png,d
./traindata/64_00065.png,d
./traindata/64_00066.png,d
./traindata/64_00067.png,d
./traindata/64_00068.png,d
./traindata/64_00069.png,d
./traindata/64_00070.png,d
./traindata/64_00071.png,d
./traindata/64_00072.png,d
./traindata/64_00073.png,d
./traindata/64_00074.png,d
./traindata/64_00075.png,d
./traindata/64_00076.png,d
./traindata/64_00077.png,d
./traindata/64_00078.png,d
./traindata/64_00079.png,d
./traindata/64_00080.png,d
./traindata/64_00081.png,d
./traindata/64_00082.png,d
./traindata/64_00083.png,d
./traindata/64_00084.png,d
./traindata/64_00085.png,d
./traindata/64_00086.png,d
./traindata/64_00087.png,d
./traindata/64_00088.png,d
./traindata/64_00089.png,d
./traindata/64_00090.png,d
./traindata/64_00091.png,d
./traindata/64_00092.png,d
./traindata/64_00093.png,d
./traindata/64_00094.png,d
./traindata/64_00095.png,d
./traindata/64_00096.png,d
./traindata/64_00097.png,d
./traindata/64_00098.png,d
./traindata/64_00099.png,d
./traindata/64_00100.png,d
./traindata/64_00101.png,d
./traindata/64_00102.png,d
./traindata/64_00103.png,d
./traindata/64_00104.png,d
./traindata/64_00105.png,d
./traindata/64_00106.png,d
./traindata/64_00107.png,d
./traindata/64_00108.png,d
./traindata/64_00109.png,d
./traindata/64_00110.png,d
./traindata/64_00111.png,d
./traindata/64_00112.png,d
./traindata/64_00113.png,d
./traindata/64_00114.png,d
./traindata/64_00115.png,d
./traindata/64_00116.png,d
./traindata/64_00117.png,d
./traindata/64_00118.png,d
./traindata/64_00119.png,d
./traindata/64_00120.png,d
./traindata/64_00121.png,d
./traindata/64_00122.png,d
./traindata/64_00123.png,d
./traindata/64_00124.png,d
./traindata/64_00125.png,d
./traindata/64_00126.png,d
./traindata/64_00127.png,d
./traindata/64_00128.png,d
./traindata/64_00129.png,d
./traindata/64_00130.png,d
./traindata/64_00131.png,d
./traindata/64_00132.png,d
./traindata/64_00133.png,d
./traindata/64_00134.png,d
./traindata/64_00135.png,d
./traindata/64_00136.png,d
./traindata/64_00137.png,d
./traindata/64_00138.png,d
./traindata/64_00139.png,d
./traindata/64_00140.png,d
./traindata/64_00141.png,d
./traindata/64_00142.png,d
./traindata/64_00143.png,d
./traindata/64_00144.png,d
./traindata/64_00145.png,d
./traindata/64_00146.png,d
./traindata/64_00147.png,d
./traindata/64_00148.png,d
./traindata/64_00149.png,d
./traindata/64_00150.png,d
./traindata/64_00151.png,d
./traindata/64_00152.png,d
./traindata/64_00153.png,d
./traindata/64_00154.png,d
./traindata/64_00155.png,d
./traindata/64_00156.png,d
./traindata/64_00157.png,d
./traindata/64_00158.png,d
./traindata/64_00159.png,d
./traindata/64_00160.png,d
./traindata/64_00161.png,d
./traindata/64_00162.png,d
./traindata/64_00163.png,d
./traindata/64_00164.png,d
./traindata/64_00165.png,d
./traindata/64_00166.png,d
./traindata/64_00167.png,d
./traindata/64_00168.png,d
./traindata/64_00169.png,d
./traindata/64_00170.png,d
./traindata/64_00171.png,d
./traindata/64_00172.png,d
./traindata/64_00173.png,d
./traindata/64_00174.png,d
./traindata/64_00175.png,d
./traindata/64_00176.png,d
./traindata/64_00177.png,d
./traindata/64_00178.png,d
./traindata/64_00179.png,d
./traindata/64_00180.png,d
./traindata/64_00181.png,d
./traindata/64_00182.png,d
./traindata/64_00183.png,d
./traindata/64_00184.png,d
./traindata/64_00185.png,d
./traindata/64_00186.png,d
./traindata/64_00187.png,d
./traindata/64_00188.png,d
./traindata/64_00189.png,d
./traindata/64_00190.png,d
./traindata/64_00191.png,d
./traindata/64_00192.png,d
./traindata/64_00193.png,d
./traindata/64_00194.png,d
./traindata/64_00195.png,d
./traindata/64_00196.png,d
./traindata/64_00197.png,d
./traindata/64_00198.png,d
./traindata/64_00199.png,d
./traindata/64_00200.png,d
./traindata/64_00201.png,d
./traindata/64_00202.png,d
./traindata/64_00203.png,d
./traindata/64_00204.png,d
./traindata/64_00205.png,d
./traindata/64_00206.png,d
./traindata/64_00207.png,d
./traindata/64_00208.png,d
./traindata/64_00209.png,d
./traindata/64_00210.png,d
./traindata/64_00211.png,d
./traindata/64_00212.png,d
./traindata/64_00213.png,d
./traindata/64_00214.png,d
./traindata/64_00215.png,d
./traindata/64_00216.png,d
./traindata/64_00217.png,d
./traindata/64_00218.png,d
./traindata/64_00219.png,d
./traindata/64_00220.png,d
./traindata/64_00221.png,d
./traindata/64_00222.png,d
./traindata/64_00223.png,d
./traindata/64_00224.png,d
./traindata/64_00225.png,d
./traindata/64_00226.png,d
./traindata/64_00227.png,d
./traindata/64_00228.png,d
./traindata/64_00229.png,d
./traindata/64_00230.png,d
./traindata/64_00231.png,d
./traindata/64_00232.png,d
./traindata/64_00233.png,d
./traindata/64_00234.png,d
./traindata/64_00235.png,d
./traindata/64_00236.png,d
./traindata/64_00237.png,d
./traindata/64_00238.png,d
./traindata/64_00239.png,d
./traindata/64_00240.png,d
./traindata/64_00241.png,d
./traindata/64_00242.png,d
./traindata/64_00243.png,d
./traindata/64_00244.png,d
./traindata/64_00245.png,d
./traindata/64_00246.png,d
./traindata/64_00247.png,d
./traindata/64_00248.png,d
./traindata/64_00249.png,d
./traindata/64_00250.png,d
./traindata/64_00251.png,d
./traindata/64_00252.png,d
./traindata/64_00253.png,d
./traindata/64_00254.png,d
./traindata/64_00255.png,d
./traindata/64_00256.png,d
./traindata/64_00257.png,d
./traindata/64_00258.png,d
./traindata/64_00259.png,d
./traindata/64_00260.png,d
./traindata/64_00261.png,d
./traindata/64_00262.png,d
./traindata/64_00263.png,d
./traindata/64_00264.png,d
./traindata/64_00265.png,d
./traindata/64_00266.png,d
./traindata/64_00267.png,d
./traindata/64_00268.png,d
./traindata/64_00269.png,d
./traindata/64_00270.png,d
./traindata/64_00271.png,d
./traindata/64_00272.png,d
./traindata/64_00273.png,d
./traindata/64_00274.png,d
./traindata/64_00275.png,d
./traindata/64_00276.png,d
./traindata/64_00277.png,d
./traindata/64_00278.png,d
./traindata/64_00279.png,d
./traindata/64_00280.png,d
./traindata/64_00281.png,d
./traindata/64_00282.png,d
./traindata/64_00283.png,d
./traindata/64_00284.png,d
./traindata/64_00285.png,d
./traindata/64_00286.png,d
./traindata/64_00287.png,d
./traindata/64_00288.png,d
./traindata/64_00289.png,d
./traindata/64_00290.png,d
./traindata/64_00291.png,d
./traindata/64_00292.png,d
./traindata/64_00293.png,d
./traindata/64_00294.png,d
./traindata/64_00295.png,d
./traindata/64_00296.png,d
./traindata/64_00297.png,d
./traindata/64_00298.png,d
./traindata/64_00299.png,d
./traindata/64_00300.png,d
./traindata/65_00000.png,e
./traindata/65_00001.png,e
./traindata/65_00002.png,e
./traindata/65_00003.png,e
./traindata/65_00004.png,e
./traindata/65_00005.png,e
./traindata/65_00006.png,e
./traindata/65_00007.png,e
./traindata/65_00008.png,e
./traindata/65_00009.png,e
./traindata/65_00010.png,e
./traindata/65_00011.png,e
./traindata/65_00012.png,e
./traindata/65_00013.png,e
./traindata/65_00014.png,e
./traindata/65_00015.png,e
./traindata/65_00016.png,e
./traindata/65_00017.png,e
./traindata/65_00018.png,e
./traindata/65_00019.png,e
./traindata/65_00020.png,e
./traindata/65_00021.png,e
./traindata/65_00022.png,e
./traindata/65_00023.png,e
./traindata/65_00024.png,e
./traindata/65_00025.png,e
./traindata/65_00026.png,e
./traindata/65_00027.png,e
./traindata/65_00028.png,e
./traindata/65_00029.png,e
./traindata/65_00030.png,e
./traindata/65_00031.png,e
./traindata/65_00032.png,e
./traindata/65_00033.png,e
./traindata/65_00034.png,e
./traindata/65_00035.png,e
./traindata/65_00036.png,e
./traindata/65_00037.png,e
./traindata/65_00038.png,e
./traindata/65_00039.png,e
./traindata/65_00040.png,e
./traindata/65_00041.png,e
./traindata/65_00042.png,e
./traindata/65_00043.png,e
./traindata/65_00044.png,e
./traindata/65_00045.png,e
./traindata/65_00046.png,e
./traindata/65_00047.png,e
./traindata/65_00048.png,e
./traindata/65_00049.png,e
./traindata/65_00050.png,e
./traindata/65_00051.png,e
./traindata/65_00052.png,e
./traindata/65_00053.png,e
./traindata/65_00054.png,e
./traindata/65_00055.png,e
./traindata/65_00056.png,e
./traindata/65_00057.png,e
./traindata/65_00058.png,e
./traindata/65_00059.png,e
./traindata/65_00060.png,e
./traindata/65_00061.png,e
./traindata/65_00062.png,e
./traindata/65_00063.png,e
./traindata/65_00064.png,e
./traindata/65_00065.png,e
./traindata/65_00066.png,e
./traindata/65_00067.png,e
./traindata/65_00068.png,e
./traindata/65_00069.png,e
./traindata/65_00070.png,e
./traindata/65_00071.png,e
./traindata/65_00072.png,e
./traindata/65_00073.png,e
./traindata/65_00074.png,e
./traindata/65_00075.png,e
./traindata/65_00076.png,e
./traindata/65_00077.png,e
./traindata/65_00078.png,e
./traindata/65_00079.png,e
./traindata/65_00080.png,e
./traindata/65_00081.png,e
./traindata/65_00082.png,e
./traindata/65_00083.png,e
./traindata/65_00084.png,e
./traindata/65_00085.png,e
./traindata/65_00086.png,e
./traindata/65_00087.png,e
./traindata/65_00088.png,e
./traindata/65_00089.png,e
./traindata/65_00090.png,e
./traindata/65_00091.png,e
./traindata/65_00092.png,e
./traindata/65_00093.png,e
./traindata/65_00094.png,e
./traindata/65_00095.png,e
./traindata/65_00096.png,e
./traindata/65_00097.png,e
./traindata/65_00098.png,e
./traindata/65_00099.png,e
./traindata/65_00100.png,e
./traindata/65_00101.png,e
./traindata/65_00102.png,e
./traindata/65_00103.png,e
./traindata/65_00104.png,e
./traindata/65_00105.png,e
./traindata/65_00106.png,e
./traindata/65_00107.png,e
./traindata/65_00108.png,e
./traindata/65_00109.png,e
./traindata/65_00110.png,e
./traindata/65_00111.png,e
./traindata/65_00112.png,e
./traindata/65_00113.png,e
./traindata/65_00114.png,e
./traindata/65_00115.png,e
./traindata/65_00116.png,e
./traindata/65_00117.png,e
./traindata/65_00118.png,e
./traindata/65_00119.png,e
./traindata/65_00120.png,e
./traindata/65_00121.png,e
./traindata/65_00122.png,e
./traindata/65_00123.png,e
./traindata/65_00124.png,e
./traindata/65_00125.png,e
./traindata/65_00126.png,e
./traindata/65_00127.png,e
./traindata/65_00128.png,e
./traindata/65_00129.png,e
./traindata/65_00130.png,e
./traindata/65_00131.png,e
./traindata/65_00132.png,e
./traindata/65_00133.png,e
./traindata/65_00134.png,e
./traindata/65_00135.png,e
./traindata/65_00136.png,e
./traindata/65_00137.png,e
./traindata/65_00138.png,e
./traindata/65_00139.png,e
./traindata/65_00140.png,e
./traindata/65_00141.png,e
./traindata/65_00142.png,e
./traindata/65_00143.png,e
./traindata/65_00144.png,e
./traindata/65_00145.png,e
./traindata/65_00146.png,e
./traindata/65_00147.png,e
./traindata/65_00148.png,e
./traindata/65_00149.png,e
./traindata/65_00150.png,e
./traindata/65_00151.png,e
./traindata/65_00152.png,e
./traindata/65_00153.png,e
./traindata/65_00154.png,e
./traindata/65_00155.png,e
./traindata/65_00156.png,e
./traindata/65_00157.png,e
./traindata/65_00158.png,e
./traindata/65_00159.png,e
./traindata/65_00160.png,e
./traindata/65_00161.png,e
./traindata/65_00162.png,e
./traindata/65_00163.png,e
./traindata/65_00164.png,e
./traindata/65_00165.png,e
./traindata/65_00166.png,e
./traindata/65_00167.png,e
./traindata/65_00168.png,e
./traindata/65_00169.png,e
./traindata/65_00170.png,e
./traindata/65_00171.png,e
./traindata/65_00172.png,e
./traindata/65_00173.png,e
./traindata/65_00174.png,e
./traindata/65_00175.png,e
./traindata/65_00176.png,e
./traindata/65_00177.png,e
./traindata/65_00178.png,e
./traindata/65_00179.png,e
./traindata/65_00180.png,e
./traindata/65_00181.png,e
./traindata/65_00182.png,e
./traindata/65_00183.png,e
./traindata/65_00184.png,e
./traindata/65_00185.png,e
./traindata/65_00186.png,e
./traindata/65_00187.png,e
./traindata/65_00188.png,e
./traindata/65_00189.png,e
./traindata/65_00190.png,e
./traindata/65_00191.png,e
./traindata/65_00192.png,e
./traindata/65_00193.png,e
./traindata/65_00194.png,e
./traindata/65_00195.png,e
./traindata/65_00196.png,e
./traindata/65_00197.png,e
./traindata/65_00198.png,e
./traindata/65_00199.png,e
./traindata/65_00200.png,e
./traindata/65_00201.png,e
./traindata/65_00202.png,e
./traindata/65_00203.png,e
./traindata/65_00204.png,e
./traindata/65_00205.png,e
./traindata/65_00206.png,e
./traindata/65_00207.png,e
./traindata/65_00208.png,e
./traindata/65_00209.png,e
./traindata/65_00210.png,e
./traindata/65_00211.png,e
./traindata/65_00212.png,e
./traindata/65_00213.png,e
./traindata/65_00214.png,e
./traindata/65_00215.png,e
./traindata/65_00216.png,e
./traindata/65_00217.png,e
./traindata/65_00218.png,e
./traindata/65_00219.png,e
./traindata/65_00220.png,e
./traindata/65_00221.png,e
./traindata/65_00222.png,e
./traindata/65_00223.png,e
./traindata/65_00224.png,e
./traindata/65_00225.png,e
./traindata/65_00226.png,e
./traindata/65_00227.png,e
./traindata/65_00228.png,e
./traindata/65_00229.png,e
./traindata/65_00230.png,e
./traindata/65_00231.png,e
./traindata/65_00232.png,e
./traindata/65_00233.png,e
./traindata/65_00234.png,e
./traindata/65_00235.png,e
./traindata/65_00236.png,e
./traindata/65_00237.png,e
./traindata/65_00238.png,e
./traindata/65_00239.png,e
./traindata/65_00240.png,e
./traindata/65_00241.png,e
./traindata/65_00242.png,e
./traindata/65_00243.png,e
./traindata/65_00244.png,e
./traindata/65_00245.png,e
./traindata/65_00246.png,e
./traindata/65_00247.png,e
./traindata/65_00248.png,e
./traindata/65_00249.png,e
./traindata/65_00250.png,e
./traindata/65_00251.png,e
./traindata/65_00252.png,e
./traindata/65_00253.png,e
./traindata/65_00254.png,e
./traindata/65_00255.png,e
./traindata/65_00256.png,e
./traindata/65_00257.png,e
./traindata/65_00258.png,e
./traindata/65_00259.png,e
./traindata/65_00260.png,e
./traindata/65_00261.png,e
./traindata/65_00262.png,e
./traindata/65_00263.png,e
./traindata/65_00264.png,e
./traindata/65_00265.png,e
./traindata/65_00266.png,e
./traindata/65_00267.png,e
./traindata/65_00268.png,e
./traindata/65_00269.png,e
./traindata/65_00270.png,e
./traindata/65_00271.png,e
./traindata/65_00272.png,e
./traindata/65_00273.png,e
./traindata/65_00274.png,e
./traindata/65_00275.png,e
./traindata/65_00276.png,e
./traindata/65_00277.png,e
./traindata/65_00278.png,e
./traindata/65_00279.png,e
./traindata/65_00280.png,e
./traindata/65_00281.png,e
./traindata/65_00282.png,e
./traindata/65_00283.png,e
./traindata/65_00284.png,e
./traindata/65_00285.png,e
./traindata/65_00286.png,e
./traindata/65_00287.png,e
./traindata/65_00288.png,e
./traindata/65_00289.png,e
./traindata/65_00290.png,e
./traindata/65_00291.png,e
./traindata/65_00292.png,e
./traindata/65_00293.png,e
./traindata/65_00294.png,e
./traindata/65_00295.png,e
./traindata/65_00296.png,e
./traindata/65_00297.png,e
./traindata/65_00298.png,e
./traindata/65_00299.png,e
./traindata/65_00300.png,e
./traindata/66_00000.png,f
./traindata/66_00001.png,f
./traindata/66_00002.png,f
./traindata/66_00003.png,f
./traindata/66_00004.png,f
./traindata/66_00005.png,f
./traindata/66_00006.png,f
./traindata/66_00007.png,f
./traindata/66_00008.png,f
./traindata/66_00009.png,f
./traindata/66_00010.png,f
./traindata/66_00011.png,f
./traindata/66_00012.png,f
./traindata/66_00013.png,f
./traindata/66_00014.png,f
./traindata/66_00015.png,f
./traindata/66_00016.png,f
./traindata/66_00017.png,f
./traindata/66_00018.png,f
./traindata/66_00019.png,f
./traindata/66_00020.png,f
./traindata/66_00021.png,f
./traindata/66_00022.png,f
./traindata/66_00023.png,f
./traindata/66_00024.png,f
./traindata/66_00025.png,f
./traindata/66_00026.png,f
./traindata/66_00027.png,f
./traindata/66_00028.png,f
./traindata/66_00029.png,f
./traindata/66_00030.png,f
./traindata/66_00031.png,f
./traindata/66_00032.png,f
./traindata/66_00033.png,f
./traindata/66_00034.png,f
./traindata/66_00035.png,f
./traindata/66_00036.png,f
./traindata/66_00037.png,f
./traindata/66_00038.png,f
./traindata/66_00039.png,f
./traindata/66_00040.png,f
./traindata/66_00041.png,f
./traindata/66_00042.png,f
./traindata/66_00043.png,f
./traindata/66_00044.png,f
./traindata/66_00045.png,f
./traindata/66_00046.png,f
./traindata/66_00047.png,f
./traindata/66_00048.png,f
./traindata/66_00049.png,f
./traindata/66_00050.png,f
./traindata/66_00051.png,f
./traindata/66_00052.png,f
./traindata/66_00053.png,f
./traindata/66_00054.png,f
./traindata/66_00055.png,f
./traindata/66_00056.png,f
./traindata/66_00057.png,f
./traindata/66_00058.png,f
./traindata/66_00059.png,f
./traindata/66_00060.png,f
./traindata/66_00061.png,f
./traindata/66_00062.png,f
./traindata/66_00063.png,f
./traindata/66_00064.png,f
./traindata/66_00065.png,f
./traindata/66_00066.png,f
./traindata/66_00067.png,f
./traindata/66_00068.png,f
./traindata/66_00069.png,f
./traindata/66_00070.png,f
./traindata/66_00071.png,f
./traindata/66_00072.png,f
./traindata/66_00073.png,f
./traindata/66_00074.png,f
./traindata/66_00075.png,f
./traindata/66_00076.png,f
./traindata/66_00077.png,f
./traindata/66_00078.png,f
./traindata/66_00079.png,f
./traindata/66_00080.png,f
./traindata/66_00081.png,f
./traindata/66_00082.png,f
./traindata/66_00083.png,f
./traindata/66_00084.png,f
./traindata/66_00085.png,f
./traindata/66_00086.png,f
./traindata/66_00087.png,f
./traindata/66_00088.png,f
./traindata/66_00089.png,f
./traindata/66_00090.png,f
./traindata/66_00091.png,f
./traindata/66_00092.png,f
./traindata/66_00093.png,f
./traindata/66_00094.png,f
./traindata/66_00095.png,f
./traindata/66_00096.png,f
./traindata/66_00097.png,f
./traindata/66_00098.png,f
./traindata/66_00099.png,f
./traindata/66_00100.png,f
./traindata/66_00101.png,f
./traindata/66_00102.png,f
./traindata/66_00103.png,f
./traindata/66_00104.png,f
./traindata/66_00105.png,f
./traindata/66_00106.png,f
./traindata/66_00107.png,f
./traindata/66_00108.png,f
./traindata/66_00109.png,f
./traindata/66_00110.png,f
./traindata/66_00111.png,f
./traindata/66_00112.png,f
./traindata/66_00113.png,f
./traindata/66_00114.png,f
./traindata/66_00115.png,f
./traindata/66_00116.png,f
./traindata/66_00117.png,f
./traindata/66_00118.png,f
./traindata/66_00119.png,f
./traindata/66_00120.png,f
./traindata/66_00121.png,f
./traindata/66_00122.png,f
./traindata/66_00123.png,f
./traindata/66_00124.png,f
./traindata/66_00125.png,f
./traindata/66_00126.png,f
./traindata/66_00127.png,f
./traindata/66_00128.png,f
./traindata/66_00129.png,f
./traindata/66_00130.png,f
./traindata/66_00131.png,f
./traindata/66_00132.png,f
./traindata/66_00133.png,f
./traindata/66_00134.png,f
./traindata/66_00135.png,f
./traindata/66_00136.png,f
./traindata/66_00137.png,f
./traindata/66_00138.png,f
./traindata/66_00139.png,f
./traindata/66_00140.png,f
./traindata/66_00141.png,f
./traindata/66_00142.png,f
./traindata/66_00143.png,f
./traindata/66_00144.png,f
./traindata/66_00145.png,f
./traindata/66_00146.png,f
./traindata/66_00147.png,f
./traindata/66_00148.png,f
./traindata/66_00149.png,f
./traindata/66_00150.png,f
./traindata/66_00151.png,f
./traindata/66_00152.png,f
./traindata/66_00153.png,f
./traindata/66_00154.png,f
./traindata/66_00155.png,f
./traindata/66_00156.png,f
./traindata/66_00157.png,f
./traindata/66_00158.png,f
./traindata/66_00159.png,f
./traindata/66_00160.png,f
./traindata/66_00161.png,f
./traindata/66_00162.png,f
./traindata/66_00163.png,f
./traindata/66_00164.png,f
./traindata/66_00165.png,f
./traindata/66_00166.png,f
./traindata/66_00167.png,f
./traindata/66_00168.png,f
./traindata/66_00169.png,f
./traindata/66_00170.png,f
./traindata/66_00171.png,f
./traindata/66_00172.png,f
./traindata/66_00173.png,f
./traindata/66_00174.png,f
./traindata/66_00175.png,f
./traindata/66_00176.png,f
./traindata/66_00177.png,f
./traindata/66_00178.png,f
./traindata/66_00179.png,f
./traindata/66_00180.png,f
./traindata/66_00181.png,f
./traindata/66_00182.png,f
./traindata/66_00183.png,f
./traindata/66_00184.png,f
./traindata/66_00185.png,f
./traindata/66_00186.png,f
./traindata/66_00187.png,f
./traindata/66_00188.png,f
./traindata/66_00189.png,f
./traindata/66_00190.png,f
./traindata/66_00191.png,f
./traindata/66_00192.png,f
./traindata/66_00193.png,f
./traindata/66_00194.png,f
./traindata/66_00195.png,f
./traindata/66_00196.png,f
./traindata/66_00197.png,f
./traindata/66_00198.png,f
./traindata/66_00199.png,f
./traindata/66_00200.png,f
./traindata/66_00201.png,f
./traindata/66_00202.png,f
./traindata/66_00203.png,f
./traindata/66_00204.png,f
./traindata/66_00205.png,f
./traindata/66_00206.png,f
./traindata/66_00207.png,f
./traindata/66_00208.png,f
./traindata/66_00209.png,f
./traindata/66_00210.png,f
./traindata/66_00211.png,f
./traindata/66_00212.png,f
./traindata/66_00213.png,f
./traindata/66_00214.png,f
./traindata/66_00215.png,f
./traindata/66_00216.png,f
./traindata/66_00217.png,f
./traindata/66_00218.png,f
./traindata/66_00219.png,f
./traindata/66_00220.png,f
./traindata/66_00221.png,f
./traindata/66_00222.png,f
./traindata/66_00223.png,f
./traindata/66_00224.png,f
./traindata/66_00225.png,f
./traindata/66_00226.png,f
./traindata/66_00227.png,f
./traindata/66_00228.png,f
./traindata/66_00229.png,f
./traindata/66_00230.png,f
./traindata/66_00231.png,f
./traindata/66_00232.png,f
./traindata/66_00233.png,f
./traindata/66_00234.png,f
./traindata/66_00235.png,f
./traindata/66_00236.png,f
./traindata/66_00237.png,f
./traindata/66_00238.png,f
./traindata/66_00239.png,f
./traindata/66_00240.png,f
./traindata/66_00241.png,f
./traindata/66_00242.png,f
./traindata/66_00243.png,f
./traindata/66_00244.png,f
./traindata/66_00245.png,f
./traindata/66_00246.png,f
./traindata/66_00247.png,f
./traindata/66_00248.png,f
./traindata/66_00249.png,f
./traindata/66_00250.png,f
./traindata/66_00251.png,f
./traindata/66_00252.png,f
./traindata/66_00253.png,f
./traindata/66_00254.png,f
./traindata/66_00255.png,f
./traindata/66_00256.png,f
./traindata/66_00257.png,f
./traindata/66_00258.png,f
./traindata/66_00259.png,f
./traindata/66_00260.png,f
./traindata/66_00261.png,f
./traindata/66_00262.png,f
./traindata/66_00263.png,f
./traindata/66_00264.png,f
./traindata/66_00265.png,f
./traindata/66_00266.png,f
./traindata/66_00267.png,f
./traindata/66_00268.png,f
./traindata/66_00269.png,f
./traindata/66_00270.png,f
./traindata/66_00271.png,f
./traindata/66_00272.png,f
./traindata/66_00273.png,f
./traindata/66_00274.png,f
./traindata/66_00275.png,f
./traindata/66_00276.png,f
./traindata/66_00277.png,f
./traindata/66_00278.png,f
./traindata/66_00279.png,f
./traindata/66_00280.png,f
./traindata/66_00281.png,f
./traindata/66_00282.png,f
./traindata/66_00283.png,f
./traindata/66_00284.png,f
./traindata/66_00285.png,f
./traindata/66_00286.png,f
./traindata/66_00287.png,f
./traindata/66_00288.png,f
./traindata/66_00289.png,f
./traindata/66_00290.png,f
./traindata/66_00291.png,f
./traindata/66_00292.png,f
./traindata/66_00293.png,f
./traindata/66_00294.png,f
./traindata/66_00295.png,f
./traindata/66_00296.png,f
./traindata/66_00297.png,f
./traindata/66_00298.png,f
./traindata/66_00299.png,f
./traindata/66_00300.png,f
./traindata/67_00000.png,g
./traindata/67_00001.png,g
./traindata/67_00002.png,g
./traindata/67_00003.png,g
./traindata/67_00004.png,g
./traindata/67_00005.png,g
./traindata/67_00006.png,g
./traindata/67_00007.png,g
./traindata/67_00008.png,g
./traindata/67_00009.png,g
./traindata/67_00010.png,g
./traindata/67_00011.png,g
./traindata/67_00012.png,g
./traindata/67_00013.png,g
./traindata/67_00014.png,g
./traindata/67_00015.png,g
./traindata/67_00016.png,g
./traindata/67_00017.png,g
./traindata/67_00018.png,g
./traindata/67_00019.png,g
./traindata/67_00020.png,g
./traindata/67_00021.png,g
./traindata/67_00022.png,g
./traindata/67_00023.png,g
./traindata/67_00024.png,g
./traindata/67_00025.png,g
./traindata/67_00026.png,g
./traindata/67_00027.png,g
./traindata/67_00028.png,g
./traindata/67_00029.png,g
./traindata/67_00030.png,g
./traindata/67_00031.png,g
./traindata/67_00032.png,g
./traindata/67_00033.png,g
./traindata/67_00034.png,g
./traindata/67_00035.png,g
./traindata/67_00036.png,g
./traindata/67_00037.png,g
./traindata/67_00038.png,g
./traindata/67_00039.png,g
./traindata/67_00040.png,g
./traindata/67_00041.png,g
./traindata/67_00042.png,g
./traindata/67_00043.png,g
./traindata/67_00044.png,g
./traindata/67_00045.png,g
./traindata/67_00046.png,g
./traindata/67_00047.png,g
./traindata/67_00048.png,g
./traindata/67_00049.png,g
./traindata/67_00050.png,g
./traindata/67_00051.png,g
./traindata/67_00052.png,g
./traindata/67_00053.png,g
./traindata/67_00054.png,g
./traindata/67_00055.png,g
./traindata/67_00056.png,g
./traindata/67_00057.png,g
./traindata/67_00058.png,g
./traindata/67_00059.png,g
./traindata/67_00060.png,g
./traindata/67_00061.png,g
./traindata/67_00062.png,g
./traindata/67_00063.png,g
./traindata/67_00064.png,g
./traindata/67_00065.png,g
./traindata/67_00066.png,g
./traindata/67_00067.png,g
./traindata/67_00068.png,g
./traindata/67_00069.png,g
./traindata/67_00070.png,g
./traindata/67_00071.png,g
./traindata/67_00072.png,g
./traindata/67_00073.png,g
./traindata/67_00074.png,g
./traindata/67_00075.png,g
./traindata/67_00076.png,g
./traindata/67_00077.png,g
./traindata/67_00078.png,g
./traindata/67_00079.png,g
./traindata/67_00080.png,g
./traindata/67_00081.png,g
./traindata/67_00082.png,g
./traindata/67_00083.png,g
./traindata/67_00084.png,g
./traindata/67_00085.png,g
./traindata/67_00086.png,g
./traindata/67_00087.png,g
./traindata/67_00088.png,g
./traindata/67_00089.png,g
./traindata/67_00090.png,g
./traindata/67_00091.png,g
./traindata/67_00092.png,g
./traindata/67_00093.png,g
./traindata/67_00094.png,g
./traindata/67_00095.png,g
./traindata/67_00096.png,g
./traindata/67_00097.png,g
./traindata/67_00098.png,g
./traindata/67_00099.png,g
./traindata/67_00100.png,g
./traindata/67_00101.png,g
./traindata/67_00102.png,g
./traindata/67_00103.png,g
./traindata/67_00104.png,g
./traindata/67_00105.png,g
./traindata/67_00106.png,g
./traindata/67_00107.png,g
./traindata/67_00108.png,g
./traindata/67_00109.png,g
./traindata/67_00110.png,g
./traindata/67_00111.png,g
./traindata/67_00112.png,g
./traindata/67_00113.png,g
./traindata/67_00114.png,g
./traindata/67_00115.png,g
./traindata/67_00116.png,g
./traindata/67_00117.png,g
./traindata/67_00118.png,g
./traindata/67_00119.png,g
./traindata/67_00120.png,g
./traindata/67_00121.png,g
./traindata/67_00122.png,g
./traindata/67_00123.png,g
./traindata/67_00124.png,g
./traindata/67_00125.png,g
./traindata/67_00126.png,g
./traindata/67_00127.png,g
./traindata/67_00128.png,g
./traindata/67_00129.png,g
./traindata/67_00130.png,g
./traindata/67_00131.png,g
./traindata/67_00132.png,g
./traindata/67_00133.png,g
./traindata/67_00134.png,g
./traindata/67_00135.png,g
./traindata/67_00136.png,g
./traindata/67_00137.png,g
./traindata/67_00138.png,g
./traindata/67_00139.png,g
./traindata/67_00140.png,g
./traindata/67_00141.png,g
./traindata/67_00142.png,g
./traindata/67_00143.png,g
./traindata/67_00144.png,g
./traindata/67_00145.png,g
./traindata/67_00146.png,g
./traindata/67_00147.png,g
./traindata/67_00148.png,g
./traindata/67_00149.png,g
./traindata/67_00150.png,g
./traindata/67_00151.png,g
./traindata/67_00152.png,g
./traindata/67_00153.png,g
./traindata/67_00154.png,g
./traindata/67_00155.png,g
./traindata/67_00156.png,g
./traindata/67_00157.png,g
./traindata/67_00158.png,g
./traindata/67_00159.png,g
./traindata/67_00160.png,g
./traindata/67_00161.png,g
./traindata/67_00162.png,g
./traindata/67_00163.png,g
./traindata/67_00164.png,g
./traindata/67_00165.png,g
./traindata/67_00166.png,g
./traindata/67_00167.png,g
./traindata/67_00168.png,g
./traindata/67_00169.png,g
./traindata/67_00170.png,g
./traindata/67_00171.png,g
./traindata/67_00172.png,g
./traindata/67_00173.png,g
./traindata/67_00174.png,g
./traindata/67_00175.png,g
./traindata/67_00176.png,g
./traindata/67_00177.png,g
./traindata/67_00178.png,g
./traindata/67_00179.png,g
./traindata/67_00180.png,g
./traindata/67_00181.png,g
./traindata/67_00182.png,g
./traindata/67_00183.png,g
./traindata/67_00184.png,g
./traindata/67_00185.png,g
./traindata/67_00186.png,g
./traindata/67_00187.png,g
./traindata/67_00188.png,g
./traindata/67_00189.png,g
./traindata/67_00190.png,g
./traindata/67_00191.png,g
./traindata/67_00192.png,g
./traindata/67_00193.png,g
./traindata/67_00194.png,g
./traindata/67_00195.png,g
./traindata/67_00196.png,g
./traindata/67_00197.png,g
./traindata/67_00198.png,g
./traindata/67_00199.png,g
./traindata/67_00200.png,g
./traindata/67_00201.png,g
./traindata/67_00202.png,g
./traindata/67_00203.png,g
./traindata/67_00204.png,g
./traindata/67_00205.png,g
./traindata/67_00206.png,g
./traindata/67_00207.png,g
./traindata/67_00208.png,g
./traindata/67_00209.png,g
./traindata/67_00210.png,g
./traindata/67_00211.png,g
./traindata/67_00212.png,g
./traindata/67_00213.png,g
./traindata/67_00214.png,g
./traindata/67_00215.png,g
./traindata/67_00216.png,g
./traindata/67_00217.png,g
./traindata/67_00218.png,g
./traindata/67_00219.png,g
./traindata/67_00220.png,g
./traindata/67_00221.png,g
./traindata/67_00222.png,g
./traindata/67_00223.png,g
./traindata/67_00224.png,g
./traindata/67_00225.png,g
./traindata/67_00226.png,g
./traindata/67_00227.png,g
./traindata/67_00228.png,g
./traindata/67_00229.png,g
./traindata/67_00230.png,g
./traindata/67_00231.png,g
./traindata/67_00232.png,g
./traindata/67_00233.png,g
./traindata/67_00234.png,g
./traindata/67_00235.png,g
./traindata/67_00236.png,g
./traindata/67_00237.png,g
./traindata/67_00238.png,g
./traindata/67_00239.png,g
./traindata/67_00240.png,g
./traindata/67_00241.png,g
./traindata/67_00242.png,g
./traindata/67_00243.png,g
./traindata/67_00244.png,g
./traindata/67_00245.png,g
./traindata/67_00246.png,g
./traindata/67_00247.png,g
./traindata/67_00248.png,g
./traindata/67_00249.png,g
./traindata/67_00250.png,g
./traindata/67_00251.png,g
./traindata/67_00252.png,g
./traindata/67_00253.png,g
./traindata/67_00254.png,g
./traindata/67_00255.png,g
./traindata/67_00256.png,g
./traindata/67_00257.png,g
./traindata/67_00258.png,g
./traindata/67_00259.png,g
./traindata/67_00260.png,g
./traindata/67_00261.png,g
./traindata/67_00262.png,g
./traindata/67_00263.png,g
./traindata/67_00264.png,g
./traindata/67_00265.png,g
./traindata/67_00266.png,g
./traindata/67_00267.png,g
./traindata/67_00268.png,g
./traindata/67_00269.png,g
./traindata/67_00270.png,g
./traindata/67_00271.png,g
./traindata/67_00272.png,g
./traindata/67_00273.png,g
./traindata/67_00274.png,g
./traindata/67_00275.png,g
./traindata/67_00276.png,g
./traindata/67_00277.png,g
./traindata/67_00278.png,g
./traindata/67_00279.png,g
./traindata/67_00280.png,g
./traindata/67_00281.png,g
./traindata/67_00282.png,g
./traindata/67_00283.png,g
./traindata/67_00284.png,g
./traindata/67_00285.png,g
./traindata/67_00286.png,g
./traindata/67_00287.png,g
./traindata/67_00288.png,g
./traindata/67_00289.png,g
./traindata/67_00290.png,g
./traindata/67_00291.png,g
./traindata/67_00292.png,g
./traindata/67_00293.png,g
./traindata/67_00294.png,g
./traindata/67_00295.png,g
./traindata/67_00296.png,g
./traindata/67_00297.png,g
./traindata/67_00298.png,g
./traindata/67_00299.png,g
./traindata/67_00300.png,g
